question_id,split,question,question_company,question_report_year,anchor_pdf_page,verified_anchor_chunk_id,accepted_chunk_id,accepted_company,accepted_report_year,accepted_pdf_page,accepted_source_type,accepted_authority_level
RBC001,development,How does RBC distinguish its Held-to-Collect and Held-to-Collect-and-Sell business models?,Royal Bank of Canada,2025,152,RBC2025_CLASS_P152_C03,RBC2025_CLASS_P152_C03,Royal Bank of Canada,2025,152,Company Annual Report,Company disclosure
RBC002,development,"How does RBC use the 30-days-past-due indicator when assessing significant increases in credit risk, and when can an asset return to Stage 1?",Royal Bank of Canada,2025,156,RBC2025_ECL_P156_C04,RBC2025_ECL_P156_C04,Royal Bank of Canada,2025,156,Company Annual Report,Company disclosure
RBC003,development,Which credit risk measure does RBC use to assess whether an instrument has experienced a significant increase in credit risk?,Royal Bank of Canada,2025,156,RBC2025_ECL_P156_C02,RBC2025_ECL_P156_C02,Royal Bank of Canada,2025,156,Company Annual Report,Company disclosure
RBC003,development,Which credit risk measure does RBC use to assess whether an instrument has experienced a significant increase in credit risk?,Royal Bank of Canada,2025,156,RBC2025_ECL_P156_C02,RBC2025_ECL_P156_C03,Royal Bank of Canada,2025,156,Company Annual Report,Company disclosure
RBC003,development,Which credit risk measure does RBC use to assess whether an instrument has experienced a significant increase in credit risk?,Royal Bank of Canada,2025,156,RBC2025_ECL_P156_C02,RBC2025_ECL_P156_C07,Royal Bank of Canada,2025,156,Company Annual Report,Company disclosure
GLEN001,development,How does Glencore account for commodity purchase and sale contracts that qualify for the own-use exemption?,Glencore,2025,160,GLENCORE2025_P160_C03,GLENCORE2025_P160_C03,Glencore,2025,160,Company Annual Report,Company disclosure
GLEN002,development,Under which named heading does Glencore recognise loss allowances on trade receivables measured at amortised cost?,Glencore,2025,161,GLENCORE2025_P161_C03,GLENCORE2025_P161_C03,Glencore,2025,161,Company Annual Report,Company disclosure
GLEN003,development,How does Glencore account for inseparable prepaid commodity forward contracts that do not qualify for the own-use exemption?,Glencore,2025,186,GLENCORE2025_P186_C01,GLENCORE2025_P186_C01,Glencore,2025,186,Company Annual Report,Company disclosure
GLEN003,development,How does Glencore account for inseparable prepaid commodity forward contracts that do not qualify for the own-use exemption?,Glencore,2025,186,GLENCORE2025_P186_C01,GLENCORE2025_P160_C02,Glencore,2025,160,Company Annual Report,Company disclosure
BAR001,development,"How does Barrick account for its quoted equity investments under the FVOCI election, compared with warrant investments?",Barrick,2025,94,BARRICK2025_P94_C06,BARRICK2025_P94_C06,Barrick,2025,94,Company Annual Report,Company disclosure
BAR002,development,What types of exposures or transactions does Barrick identify as fair value hedges and cash flow hedges?,Barrick,2025,97,BARRICK2025_P97_C01,BARRICK2025_P97_C01,Barrick,2025,97,Company Annual Report,Company disclosure
BAR002,development,What types of exposures or transactions does Barrick identify as fair value hedges and cash flow hedges?,Barrick,2025,97,BARRICK2025_P97_C01,BARRICK2025_P119_C04,Barrick,2025,119,Company Annual Report,Company disclosure
BAR003,development,"Where does Barrick recognise the effective and ineffective portions of its 2025 gold collar cash flow hedges, respectively?",Barrick,2025,119,BARRICK2025_P119_C05,BARRICK2025_P119_C05,Barrick,2025,119,Company Annual Report,Company disclosure
ALL001,development,What borrower-related factors did Allied consider when assessing expected credit losses on its loans receivable?,Allied_REIT,2025,41,ALLIED_REIT2025_P41_C01,ALLIED_REIT2025_P41_C01,Allied_REIT,2025,41,Company Annual Report,Company disclosure
ALL001,development,What borrower-related factors did Allied consider when assessing expected credit losses on its loans receivable?,Allied_REIT,2025,41,ALLIED_REIT2025_P41_C01,ALLIED_REIT2025_P150_C03,Allied_REIT,2025,150,Company Annual Report,Company disclosure
ALL002,development,How does Allied distinguish between 12-month and lifetime expected credit losses for loans and notes receivable?,Allied_REIT,2025,132,ALLIED_REIT2025_P132_C02,ALLIED_REIT2025_P132_C02,Allied_REIT,2025,132,Company Annual Report,Company disclosure
ALL003,development,How does Allied apply a provision matrix when estimating expected credit losses on its trade receivables?,Allied_REIT,2025,132,ALLIED_REIT2025_P132_C01,ALLIED_REIT2025_P132_C01,Allied_REIT,2025,132,Company Annual Report,Company disclosure
T001,holdout_test,Which two conditions does RBC require for a debt instrument to be measured at amortized cost?,Royal Bank of Canada,2025,152,RBC2025_CLASS_P152_C01,RBC2025_CLASS_P152_C01,Royal Bank of Canada,2025,152,Company Annual Report,Company disclosure
T002,holdout_test,What are RBC's conditions for measuring a debt instrument at FVOCI?,Royal Bank of Canada,2025,152,RBC2025_CLASS_P152_C01,RBC2025_CLASS_P152_C01,Royal Bank of Canada,2025,152,Company Annual Report,Company disclosure
T002,holdout_test,What are RBC's conditions for measuring a debt instrument at FVOCI?,Royal Bank of Canada,2025,152,RBC2025_CLASS_P152_C01,RBC2025_CLASS_P152_C02,Royal Bank of Canada,2025,152,Company Annual Report,Company disclosure
T003,holdout_test,When can RBC elect FVOCI for an equity instrument and at what level is that election made?,Royal Bank of Canada,2025,152,RBC2025_CLASS_P152_C02,RBC2025_CLASS_P152_C02,Royal Bank of Canada,2025,152,Company Annual Report,Company disclosure
T004,holdout_test,Which business-model evidence concerning portfolio sales and managers’ compensation does RBC consider?,Royal Bank of Canada,2025,152,RBC2025_CLASS_P152_C03,RBC2025_CLASS_P152_C03,Royal Bank of Canada,2025,152,Company Annual Report,Company disclosure
T005,holdout_test,What cash-flow components does RBC regard as consistent with a basic lending arrangement in its SPPI assessment?,Royal Bank of Canada,2025,152,RBC2025_CLASS_P152_C04,RBC2025_CLASS_P152_C04,Royal Bank of Canada,2025,152,Company Annual Report,Company disclosure
T006,holdout_test,How does RBC classify an asset whose cash flows have variability inconsistent with basic lending?,Royal Bank of Canada,2025,152,RBC2025_CLASS_P152_C05,RBC2025_CLASS_P152_C05,Royal Bank of Canada,2025,152,Company Annual Report,Company disclosure
T007,holdout_test,Which exposures does RBC include in its allowance for credit losses and which are excluded?,Royal Bank of Canada,2025,155,RBC2025_ECL_P155_C01,RBC2025_ECL_P155_C01,Royal Bank of Canada,2025,155,Company Annual Report,Company disclosure
T008,holdout_test,"What distinguishes RBC's Stage 1, Stage 2 and Stage 3 loss allowance horizons?",Royal Bank of Canada,2025,155,RBC2025_ECL_P155_C02,RBC2025_ECL_P155_C02,Royal Bank of Canada,2025,155,Company Annual Report,Company disclosure
T009,holdout_test,How does RBC estimate credit losses on loan commitments and financial guarantees?,Royal Bank of Canada,2025,155,RBC2025_ECL_P155_C03,RBC2025_ECL_P155_C03,Royal Bank of Canada,2025,155,Company Annual Report,Company disclosure
T010,holdout_test,What three model inputs primarily determine RBC's expected credit losses?,Royal Bank of Canada,2025,155,RBC2025_ECL_P155_C04,RBC2025_ECL_P155_C04,Royal Bank of Canada,2025,155,Company Annual Report,Company disclosure
T010,holdout_test,What three model inputs primarily determine RBC's expected credit losses?,Royal Bank of Canada,2025,155,RBC2025_ECL_P155_C04,RBC2025_ECL_P155_C05,Royal Bank of Canada,2025,155,Company Annual Report,Company disclosure
T011,holdout_test,When does RBC use simplified ECL measurement approaches for some portfolios?,Royal Bank of Canada,2025,155,RBC2025_ECL_P155_C05,RBC2025_ECL_P155_C05,Royal Bank of Canada,2025,155,Company Annual Report,Company disclosure
T012,holdout_test,Which products does RBC identify as within the exemption that can make expected life exceed remaining contractual life?,Royal Bank of Canada,2025,156,RBC2025_ECL_P156_C02,RBC2025_ECL_P156_C02,Royal Bank of Canada,2025,156,Company Annual Report,Company disclosure
T013,holdout_test,"For RBC’s wholesale portfolio, what additional borrower-rating condition accompanies its lifetime-PD thresholds for significant credit-risk increases?",Royal Bank of Canada,2025,156,RBC2025_ECL_P156_C03,RBC2025_ECL_P156_C03,Royal Bank of Canada,2025,156,Company Annual Report,Company disclosure
T014,holdout_test,How does RBC define low credit risk when applying its presumption that credit risk has not significantly increased?,Royal Bank of Canada,2025,156,RBC2025_ECL_P156_C04,RBC2025_ECL_P156_C04,Royal Bank of Canada,2025,156,Company Annual Report,Company disclosure
T015,holdout_test,Which macroeconomic variables does RBC identify for its ECL models?,Royal Bank of Canada,2025,156,RBC2025_ECL_P156_C06,RBC2025_ECL_P156_C06,Royal Bank of Canada,2025,156,Company Annual Report,Company disclosure
T016,holdout_test,How many scenarios does RBC use at minimum for Stage 1 and Stage 2 ECL and how are its cases formed?,Royal Bank of Canada,2025,156,RBC2025_ECL_P156_C06,RBC2025_ECL_P156_C06,Royal Bank of Canada,2025,156,Company Annual Report,Company disclosure
T017,holdout_test,How frequently does RBC update scenario weights and what factors inform them?,Royal Bank of Canada,2025,156,RBC2025_ECL_P156_C07,RBC2025_ECL_P156_C07,Royal Bank of Canada,2025,156,Company Annual Report,Company disclosure
T018,holdout_test,What evidence does RBC list as signs of a credit-impaired asset?,Royal Bank of Canada,2025,157,RBC2025_ECL_P157_C01,RBC2025_ECL_P157_C01,Royal Bank of Canada,2025,157,Company Annual Report,Company disclosure
T019,holdout_test,How does RBC measure ECL for an individually credit-impaired asset?,Royal Bank of Canada,2025,157,RBC2025_ECL_P157_C02,RBC2025_ECL_P157_C02,Royal Bank of Canada,2025,157,Company Annual Report,Company disclosure
T020,holdout_test,When does RBC write off credit cards and personal loans respectively?,Royal Bank of Canada,2025,157,RBC2025_ECL_P157_C07,RBC2025_ECL_P157_C07,Royal Bank of Canada,2025,157,Company Annual Report,Company disclosure
T021,holdout_test,How does RBC generally treat modifications made for credit reasons compared with other reasons?,Royal Bank of Canada,2025,157,RBC2025_ECL_P157_C08,RBC2025_ECL_P157_C08,Royal Bank of Canada,2025,157,Company Annual Report,Company disclosure
T022,holdout_test,How does RBC recalculate carrying amount when modification does not cause derecognition?,Royal Bank of Canada,2025,158,RBC2025_ECL_P158_C01,RBC2025_ECL_P158_C01,Royal Bank of Canada,2025,158,Company Annual Report,Company disclosure
T023,holdout_test,What stage does RBC generally assign a new asset following derecognition and renegotiation?,Royal Bank of Canada,2025,158,RBC2025_ECL_P158_C02,RBC2025_ECL_P158_C02,Royal Bank of Canada,2025,158,Company Annual Report,Company disclosure
T024,holdout_test,How does Glencore classify separable cash-settled physical advances and prepayments?,Glencore,2025,160,GLENCORE2025_P160_C02,GLENCORE2025_P160_C02,Glencore,2025,160,Company Annual Report,Company disclosure
T025,holdout_test,What indicators does Glencore use to determine a commodity contract fails the own-use exemption?,Glencore,2025,160,GLENCORE2025_P160_C04,GLENCORE2025_P160_C03,Glencore,2025,160,Company Annual Report,Company disclosure
T025,holdout_test,What indicators does Glencore use to determine a commodity contract fails the own-use exemption?,Glencore,2025,160,GLENCORE2025_P160_C04,GLENCORE2025_P160_C04,Glencore,2025,160,Company Annual Report,Company disclosure
T026,holdout_test,How does Glencore classify financial assets with non-SPPI cash-flow features?,Glencore,2025,160,GLENCORE2025_P160_C04,GLENCORE2025_P160_C04,Glencore,2025,160,Company Annual Report,Company disclosure
T027,holdout_test,How does Glencore subsequently measure financial liabilities with derivative features versus other liabilities?,Glencore,2025,160,GLENCORE2025_P160_C05,GLENCORE2025_P160_C05,Glencore,2025,160,Company Annual Report,Company disclosure
T028,holdout_test,What ECL approach and information does Glencore use for trade receivables at amortised cost?,Glencore,2025,160,GLENCORE2025_P160_C06,GLENCORE2025_P160_C06,Glencore,2025,160,Company Annual Report,Company disclosure
T029,holdout_test,What factors and overdue presumption does Glencore use to assess significant credit-risk increases for other amortised-cost assets?,Glencore,2025,161,GLENCORE2025_P161_C01,GLENCORE2025_P161_C01,Glencore,2025,161,Company Annual Report,Company disclosure
T030,holdout_test,When does Glencore treat a financial asset as in default and when may it rebut the overdue criterion?,Glencore,2025,161,GLENCORE2025_P161_C02,GLENCORE2025_P161_C02,Glencore,2025,161,Company Annual Report,Company disclosure
T031,holdout_test,When does Glencore write off a financial asset?,Glencore,2025,161,GLENCORE2025_P161_C02,GLENCORE2025_P161_C02,Glencore,2025,161,Company Annual Report,Company disclosure
T032,holdout_test,Where does Glencore present ECL on financial advances and loans not settled by physical delivery?,Glencore,2025,161,GLENCORE2025_P161_C02,GLENCORE2025_P161_C02,Glencore,2025,161,Company Annual Report,Company disclosure
T033,holdout_test,What does Glencore recognize when it retains substantially all risks and rewards after transferring an asset?,Glencore,2025,161,GLENCORE2025_P161_C04,GLENCORE2025_P161_C04,Glencore,2025,161,Company Annual Report,Company disclosure
T034,holdout_test,How does Glencore account for cumulative OCI when an FVTOCI equity investment is derecognised?,Glencore,2025,161,GLENCORE2025_P161_C04,GLENCORE2025_P161_C04,Glencore,2025,161,Company Annual Report,Company disclosure
T035,holdout_test,How does Barrick treat cash flow hedge gains when a forecast transaction creates a non-financial asset or liability?,Barrick,2025,97,BARRICK2025_P97_C02,BARRICK2025_P97_C02,Barrick,2025,97,Company Annual Report,Company disclosure
T036,holdout_test,What happens to Barrick's deferred hedge gain when the forecast transaction is no longer expected?,Barrick,2025,97,BARRICK2025_P97_C03,BARRICK2025_P97_C03,Barrick,2025,97,Company Annual Report,Company disclosure
T037,holdout_test,How does Barrick account for derivatives that do not qualify as fair value or cash flow hedges?,Barrick,2025,97,BARRICK2025_P97_C03,BARRICK2025_P97_C03,Barrick,2025,97,Company Annual Report,Company disclosure
T038,holdout_test,"When does Allied write off user trade receivables, loans and notes receivable?",Allied_REIT,2025,132,ALLIED_REIT2025_P132_C04,ALLIED_REIT2025_P132_C04,Allied_REIT,2025,132,Company Annual Report,Company disclosure
